Player Name,Player Link
A.J. Green,https://www.basketball-reference.com/players/g/greenaj01.html
A.J. Lawson,https://www.basketball-reference.com/players/l/lawsoaj01.html
AJ Johnson,https://www.basketball-reference.com/players/j/johnsaj01.html
Aaron Gordon,https://www.basketball-reference.com/players/g/gordoaa01.html
Aaron Holiday,https://www.basketball-reference.com/players/h/holidaa01.html
Aaron Nesmith,https://www.basketball-reference.com/players/n/nesmiaa01.html
Aaron Wiggins,https://www.basketball-reference.com/players/w/wiggiaa01.html
Adam Flagler,https://www.basketball-reference.com/players/f/flaglad01.html
Adama Sanogo,https://www.basketball-reference.com/players/s/sanogad01.html
Adem Bona,https://www.basketball-reference.com/players/b/bonaad01.html
Ajay Mitchell,https://www.basketball-reference.com/players/m/mitchaj01.html
Al Horford,https://www.basketball-reference.com/players/h/horfoal01.html
Alec Burks,https://www.basketball-reference.com/players/b/burksal01.html
Alex Caruso,https://www.basketball-reference.com/players/c/carusal01.html
Alex Ducas,https://www.basketball-reference.com/players/d/ducasal01.html
Alex Len,https://www.basketball-reference.com/players/l/lenal01.html
Alex Reese,https://www.basketball-reference.com/players/r/reeseal01.html
Alex Sarr,https://www.basketball-reference.com/players/s/sarral01.html
Alondes Williams,https://www.basketball-reference.com/players/w/willial06.html
Alperen Sengun,https://www.basketball-reference.com/players/s/sengual01.html
Amen Thompson,https://www.basketball-reference.com/players/t/thompam01.html
Amir Coffey,https://www.basketball-reference.com/players/c/coffeam01.html
Andre Drummond,https://www.basketball-reference.com/players/d/drumman01.html
Andre Jackson Jr.,https://www.basketball-reference.com/players/j/jacksan01.html
Andrew Nembhard,https://www.basketball-reference.com/players/n/nembhan01.html
Andrew Wiggins,https://www.basketball-reference.com/players/w/wiggian01.html
Anfernee Simons,https://www.basketball-reference.com/players/s/simonan01.html
Anthony Black,https://www.basketball-reference.com/players/b/blackan01.html
Anthony Davis,https://www.basketball-reference.com/players/d/davisan02.html
Anthony Edwards,https://www.basketball-reference.com/players/e/edwaran01.html
Anthony Gill,https://www.basketball-reference.com/players/g/gillan01.html
Antonio Reeves,https://www.basketball-reference.com/players/r/reevean01.html
Ariel Hukporti,https://www.basketball-reference.com/players/h/hukpoar01.html
Armel Traoré,https://www.basketball-reference.com/players/a/armeltr01.html
Ausar Thompson,https://www.basketball-reference.com/players/t/thompau01.html
Austin Reaves,https://www.basketball-reference.com/players/r/reaveau01.html
Ayo Dosunmu,https://www.basketball-reference.com/players/d/dosunay01.html
Bam Adebayo,https://www.basketball-reference.com/players/a/adebaba01.html
Baylor Scheierman,https://www.basketball-reference.com/players/s/scheiba01.html
Ben Sheppard,https://www.basketball-reference.com/players/s/sheppbe01.html
Ben Simmons,https://www.basketball-reference.com/players/s/simmobe01.html
Bennedict Mathurin,https://www.basketball-reference.com/players/m/mathube01.html
Bilal Coulibaly,https://www.basketball-reference.com/players/c/coulibi01.html
Blake Wesley,https://www.basketball-reference.com/players/w/weslebl01.html
Bobby Portis,https://www.basketball-reference.com/players/p/portibo01.html
Bogdan Bogdanović,https://www.basketball-reference.com/players/b/bogdabo01.html
Bol Bol,https://www.basketball-reference.com/players/b/bolbo01.html
Bones Hyland,https://www.basketball-reference.com/players/h/hylanbo01.html
Bradley Beal,https://www.basketball-reference.com/players/b/bealbr01.html
Branden Carlson,https://www.basketball-reference.com/players/c/carlsbr01.html
Brandin Podziemski,https://www.basketball-reference.com/players/p/podzibr01.html
Brandon Boston Jr.,https://www.basketball-reference.com/players/b/bostobr01.html
Brandon Clarke,https://www.basketball-reference.com/players/c/clarkbr01.html
Brandon Ingram,https://www.basketball-reference.com/players/i/ingrabr01.html
Brandon Miller,https://www.basketball-reference.com/players/m/millebr02.html
Brandon Williams,https://www.basketball-reference.com/players/w/willibr03.html
Brice Sensabaugh,https://www.basketball-reference.com/players/s/sensabr01.html
Bronny James,https://www.basketball-reference.com/players/j/jamesbr02.html
Brook Lopez,https://www.basketball-reference.com/players/l/lopezbr01.html
Bruce Brown,https://www.basketball-reference.com/players/b/brownbr01.html
Bruno Fernando,https://www.basketball-reference.com/players/f/fernabr01.html
Bryce McGowens,https://www.basketball-reference.com/players/m/mcgowbr01.html
Buddy Hield,https://www.basketball-reference.com/players/h/hieldbu01.html
CJ McCollum,https://www.basketball-reference.com/players/m/mccolcj01.html
Cade Cunningham,https://www.basketball-reference.com/players/c/cunnica01.html
Caleb Houstan,https://www.basketball-reference.com/players/h/houstca01.html
Caleb Martin,https://www.basketball-reference.com/players/m/martica02.html
Cam Christie,https://www.basketball-reference.com/players/c/chrisca02.html
Cam Reddish,https://www.basketball-reference.com/players/r/reddica01.html
Cam Spencer,https://www.basketball-reference.com/players/s/spencca01.html
Cam Thomas,https://www.basketball-reference.com/players/t/thomaca02.html
Cam Whitmore,https://www.basketball-reference.com/players/w/whitmca01.html
Cameron Johnson,https://www.basketball-reference.com/players/j/johnsca02.html
Cameron Payne,https://www.basketball-reference.com/players/p/payneca01.html
Caris LeVert,https://www.basketball-reference.com/players/l/leverca01.html
Carlton Carrington,https://www.basketball-reference.com/players/c/carrica01.html
Cason Wallace,https://www.basketball-reference.com/players/w/wallaca01.html
Charles Bassey,https://www.basketball-reference.com/players/b/bassech01.html
Chet Holmgren,https://www.basketball-reference.com/players/h/holmgch01.html
Chris Boucher,https://www.basketball-reference.com/players/b/bouchch01.html
Chris Duarte,https://www.basketball-reference.com/players/d/duartch01.html
Chris Livingston,https://www.basketball-reference.com/players/l/livinch01.html
Chris Paul,https://www.basketball-reference.com/players/p/paulch01.html
Christian Braun,https://www.basketball-reference.com/players/b/braunch01.html
Christian Koloko,https://www.basketball-reference.com/players/k/kolokch01.html
Clint Capela,https://www.basketball-reference.com/players/c/capelca01.html
Coby White,https://www.basketball-reference.com/players/w/whiteco01.html
Cody Martin,https://www.basketball-reference.com/players/m/martico01.html
Cody Williams,https://www.basketball-reference.com/players/w/willico04.html
Colby Jones,https://www.basketball-reference.com/players/j/jonesco02.html
Cole Anthony,https://www.basketball-reference.com/players/a/anthoco01.html
Cole Swider,https://www.basketball-reference.com/players/s/swideco01.html
Colin Castleton,https://www.basketball-reference.com/players/c/castlco01.html
Collin Gillespie,https://www.basketball-reference.com/players/g/gilleco01.html
Collin Sexton,https://www.basketball-reference.com/players/s/sextoco01.html
Corey Kispert,https://www.basketball-reference.com/players/k/kispeco01.html
Cory Joseph,https://www.basketball-reference.com/players/j/josepco01.html
Craig Porter Jr.,https://www.basketball-reference.com/players/p/portecr01.html
Cui Yongxi,https://www.basketball-reference.com/players/c/cuiyo01.html
D'Angelo Russell,https://www.basketball-reference.com/players/r/russeda01.html
D.J. Carton,https://www.basketball-reference.com/players/c/cartodj01.html
DaQuan Jeffries,https://www.basketball-reference.com/players/j/jeffrda01.html
Daishen Nix,https://www.basketball-reference.com/players/n/nixda01.html
Dalano Banton,https://www.basketball-reference.com/players/b/bantoda01.html
Dalen Terry,https://www.basketball-reference.com/players/t/terryda01.html
Dalton Knecht,https://www.basketball-reference.com/players/k/knechda01.html
Damian Lillard,https://www.basketball-reference.com/players/l/lillada01.html
Damion Lee,https://www.basketball-reference.com/players/l/leeda03.html
Daniel Gafford,https://www.basketball-reference.com/players/g/gaffoda01.html
Daniel Theis,https://www.basketball-reference.com/players/t/theisda01.html
Daniss Jenkins,https://www.basketball-reference.com/players/j/jenkida01.html
Dario Šarić,https://www.basketball-reference.com/players/s/saricda01.html
Dariq Whitehead,https://www.basketball-reference.com/players/w/whiteda01.html
Darius Garland,https://www.basketball-reference.com/players/g/garlada01.html
David Duke Jr.,https://www.basketball-reference.com/players/d/dukeda01.html
David Roddy,https://www.basketball-reference.com/players/r/roddyda01.html
Davion Mitchell,https://www.basketball-reference.com/players/m/mitchda01.html
Day'Ron Sharpe,https://www.basketball-reference.com/players/s/sharpda01.html
De'Aaron Fox,https://www.basketball-reference.com/players/f/foxde01.html
De'Andre Hunter,https://www.basketball-reference.com/players/h/huntede01.html
De'Anthony Melton,https://www.basketball-reference.com/players/m/meltode01.html
DeAndre Jordan,https://www.basketball-reference.com/players/j/jordade01.html
DeMar DeRozan,https://www.basketball-reference.com/players/d/derozde01.html
Dean Wade,https://www.basketball-reference.com/players/w/wadede01.html
Deandre Ayton,https://www.basketball-reference.com/players/a/aytonde01.html
Dejounte Murray,https://www.basketball-reference.com/players/m/murrade01.html
Delon Wright,https://www.basketball-reference.com/players/w/wrighde01.html
Deni Avdija,https://www.basketball-reference.com/players/a/avdijde01.html
Dennis Schröder,https://www.basketball-reference.com/players/s/schrode01.html
Dereck Lively II,https://www.basketball-reference.com/players/l/livelde01.html
Derrick Jones Jr.,https://www.basketball-reference.com/players/j/jonesde02.html
Derrick White,https://www.basketball-reference.com/players/w/whitede01.html
Desmond Bane,https://www.basketball-reference.com/players/b/banede01.html
Devin Booker,https://www.basketball-reference.com/players/b/bookede01.html
Devin Carter,https://www.basketball-reference.com/players/c/cartede02.html
Devin Vassell,https://www.basketball-reference.com/players/v/vassede01.html
Dillon Brooks,https://www.basketball-reference.com/players/b/brookdi01.html
Dillon Jones,https://www.basketball-reference.com/players/j/jonesdi01.html
Domantas Sabonis,https://www.basketball-reference.com/players/s/sabondo01.html
Dominick Barlow,https://www.basketball-reference.com/players/b/barlodo01.html
Donovan Clingan,https://www.basketball-reference.com/players/c/clingdo01.html
Donovan Mitchell,https://www.basketball-reference.com/players/m/mitchdo01.html
Donte DiVincenzo,https://www.basketball-reference.com/players/d/divindo01.html
Dorian Finney-Smith,https://www.basketball-reference.com/players/f/finnedo01.html
Doug McDermott,https://www.basketball-reference.com/players/m/mcderdo01.html
Draymond Green,https://www.basketball-reference.com/players/g/greendr01.html
Drew Eubanks,https://www.basketball-reference.com/players/e/eubandr01.html
Drew Peterson,https://www.basketball-reference.com/players/p/peterdr01.html
Dru Smith,https://www.basketball-reference.com/players/s/smithdr01.html
Duncan Robinson,https://www.basketball-reference.com/players/r/robindu01.html
Duop Reath,https://www.basketball-reference.com/players/r/reathdu01.html
Dwight Powell,https://www.basketball-reference.com/players/p/poweldw01.html
Dyson Daniels,https://www.basketball-reference.com/players/d/daniedy01.html
E.J. Liddell,https://www.basketball-reference.com/players/l/liddeej01.html
Elfrid Payton,https://www.basketball-reference.com/players/p/paytoel01.html
Enrique Freeman,https://www.basketball-reference.com/players/f/freemen01.html
Eric Gordon,https://www.basketball-reference.com/players/g/gordoer01.html
Evan Mobley,https://www.basketball-reference.com/players/m/mobleev01.html
Franz Wagner,https://www.basketball-reference.com/players/w/wagnefr01.html
Fred VanVleet,https://www.basketball-reference.com/players/v/vanvlfr01.html
Gabe Vincent,https://www.basketball-reference.com/players/v/vincega01.html
Garrett Temple,https://www.basketball-reference.com/players/t/templga01.html
Garrison Mathews,https://www.basketball-reference.com/players/m/mathega01.html
Gary Harris,https://www.basketball-reference.com/players/h/harriga01.html
Gary Payton II,https://www.basketball-reference.com/players/p/paytoga02.html
Gary Trent Jr.,https://www.basketball-reference.com/players/t/trentga02.html
Georges Niang,https://www.basketball-reference.com/players/n/niangge01.html
Giannis Antetokounmpo,https://www.basketball-reference.com/players/a/antetgi01.html
Goga Bitadze,https://www.basketball-reference.com/players/b/bitadgo01.html
Gradey Dick,https://www.basketball-reference.com/players/d/dickgr01.html
Grant Williams,https://www.basketball-reference.com/players/w/willigr01.html
Grayson Allen,https://www.basketball-reference.com/players/a/allengr01.html
Guerschon Yabusele,https://www.basketball-reference.com/players/y/yabusgu01.html
Gui Santos,https://www.basketball-reference.com/players/s/santogu01.html
Harrison Barnes,https://www.basketball-reference.com/players/b/barneha02.html
Harrison Ingram,https://www.basketball-reference.com/players/i/ingraha01.html
Haywood Highsmith,https://www.basketball-reference.com/players/h/highsha01.html
Herbert Jones,https://www.basketball-reference.com/players/j/joneshe01.html
Hunter Tyson,https://www.basketball-reference.com/players/t/tysonhu01.html
Immanuel Quickley,https://www.basketball-reference.com/players/q/quickim01.html
Isaac Jones,https://www.basketball-reference.com/players/j/jonesis01.html
Isaac Okoro,https://www.basketball-reference.com/players/o/okorois01.html
Isaiah Collier,https://www.basketball-reference.com/players/c/colliis01.html
Isaiah Crawford,https://www.basketball-reference.com/players/c/crawfis01.html
Isaiah Hartenstein,https://www.basketball-reference.com/players/h/harteis01.html
Isaiah Jackson,https://www.basketball-reference.com/players/j/jacksis01.html
Isaiah Joe,https://www.basketball-reference.com/players/j/joeis01.html
Isaiah Stewart,https://www.basketball-reference.com/players/s/stewais01.html
Isaiah Wong,https://www.basketball-reference.com/players/w/wongis01.html
Ivica Zubac,https://www.basketball-reference.com/players/z/zubaciv01.html
JD Davison,https://www.basketball-reference.com/players/d/davisjd01.html
JT Thor,https://www.basketball-reference.com/players/t/thorjt01.html
Ja Morant,https://www.basketball-reference.com/players/m/moranja01.html
Ja'Kobe Walter,https://www.basketball-reference.com/players/w/walteja01.html
Jabari Smith Jr.,https://www.basketball-reference.com/players/s/smithja05.html
Jabari Walker,https://www.basketball-reference.com/players/w/walkeja01.html
Jack McVeigh,https://www.basketball-reference.com/players/m/mcveija01.html
Jacob Toppin,https://www.basketball-reference.com/players/t/toppija01.html
Jaden Hardy,https://www.basketball-reference.com/players/h/hardyja02.html
Jaden Ivey,https://www.basketball-reference.com/players/i/iveyja01.html
Jaden McDaniels,https://www.basketball-reference.com/players/m/mcdanja02.html
Jaden Springer,https://www.basketball-reference.com/players/s/sprinja01.html
Jae Crowder,https://www.basketball-reference.com/players/c/crowdja01.html
Jae'Sean Tate,https://www.basketball-reference.com/players/t/tateja01.html
Jaime Jaquez Jr.,https://www.basketball-reference.com/players/j/jaqueja01.html
Jake LaRavia,https://www.basketball-reference.com/players/l/laravja01.html
Jakob Poeltl,https://www.basketball-reference.com/players/p/poeltja01.html
Jalen Bridges,https://www.basketball-reference.com/players/b/bridgja01.html
Jalen Brunson,https://www.basketball-reference.com/players/b/brunsja01.html
Jalen Duren,https://www.basketball-reference.com/players/d/durenja01.html
Jalen Green,https://www.basketball-reference.com/players/g/greenja05.html
Jalen Hood-Schifino,https://www.basketball-reference.com/players/h/hoodsja01.html
Jalen Johnson,https://www.basketball-reference.com/players/j/johnsja05.html
Jalen Pickett,https://www.basketball-reference.com/players/p/pickeja02.html
Jalen Smith,https://www.basketball-reference.com/players/s/smithja04.html
Jalen Suggs,https://www.basketball-reference.com/players/s/suggsja01.html
Jalen Williams,https://www.basketball-reference.com/players/w/willija06.html
Jalen Wilson,https://www.basketball-reference.com/players/w/wilsoja03.html
Jamal Cain,https://www.basketball-reference.com/players/c/cainja01.html
Jamal Murray,https://www.basketball-reference.com/players/m/murraja01.html
Jamal Shead,https://www.basketball-reference.com/players/s/sheadja01.html
James Harden,https://www.basketball-reference.com/players/h/hardeja01.html
James Johnson,https://www.basketball-reference.com/players/j/johnsja01.html
James Wiseman,https://www.basketball-reference.com/players/w/wisemja01.html
Jamison Battle,https://www.basketball-reference.com/players/b/battlja01.html
Jarace Walker,https://www.basketball-reference.com/players/w/walkeja02.html
Jared Butler,https://www.basketball-reference.com/players/b/butleja02.html
Jared McCain,https://www.basketball-reference.com/players/m/mccaija01.html
Jared Rhoden,https://www.basketball-reference.com/players/r/rhodeja01.html
Jaren Jackson Jr.,https://www.basketball-reference.com/players/j/jacksja02.html
Jarrett Allen,https://www.basketball-reference.com/players/a/allenja01.html
Javonte Green,https://www.basketball-reference.com/players/g/greenja02.html
Jaxson Hayes,https://www.basketball-reference.com/players/h/hayesja02.html
Jay Huff,https://www.basketball-reference.com/players/h/huffja01.html
Jaylen Brown,https://www.basketball-reference.com/players/b/brownja02.html
Jaylen Martin,https://www.basketball-reference.com/players/m/martija02.html
Jaylen Nowell,https://www.basketball-reference.com/players/n/nowelja01.html
Jaylen Wells,https://www.basketball-reference.com/players/w/wellsja01.html
Jaylin Williams,https://www.basketball-reference.com/players/w/willija07.html
Jaylon Tyson,https://www.basketball-reference.com/players/t/tysonja01.html
Jayson Tatum,https://www.basketball-reference.com/players/t/tatumja01.html
Jazian Gortman,https://www.basketball-reference.com/players/g/gortmja01.html
Jeenathan Williams,https://www.basketball-reference.com/players/w/willije02.html
Jeff Dowtin,https://www.basketball-reference.com/players/d/dowtije01.html
Jeff Green,https://www.basketball-reference.com/players/g/greenje02.html
Jerami Grant,https://www.basketball-reference.com/players/g/grantje01.html
Jeremiah Robinson-Earl,https://www.basketball-reference.com/players/r/robinje02.html
Jeremy Sochan,https://www.basketball-reference.com/players/s/sochaje01.html
Jericho Sims,https://www.basketball-reference.com/players/s/simsje01.html
Jett Howard,https://www.basketball-reference.com/players/h/howarje01.html
Jevon Carter,https://www.basketball-reference.com/players/c/carteje01.html
Jimmy Butler,https://www.basketball-reference.com/players/b/butleji01.html
Jock Landale,https://www.basketball-reference.com/players/l/landajo01.html
Joe Ingles,https://www.basketball-reference.com/players/i/inglejo01.html
Joel Embiid,https://www.basketball-reference.com/players/e/embiijo01.html
John Collins,https://www.basketball-reference.com/players/c/collijo01.html
John Konchar,https://www.basketball-reference.com/players/k/konchjo01.html
Johnny Davis,https://www.basketball-reference.com/players/d/davisjo06.html
Johnny Furphy,https://www.basketball-reference.com/players/f/furphjo01.html
Johnny Juzang,https://www.basketball-reference.com/players/j/juzanjo01.html
Jonas Valančiūnas,https://www.basketball-reference.com/players/v/valanjo01.html
Jonathan Isaac,https://www.basketball-reference.com/players/i/isaacjo01.html
Jonathan Kuminga,https://www.basketball-reference.com/players/k/kuminjo01.html
Jonathan Mogbo,https://www.basketball-reference.com/players/m/mogbojo01.html
Jordan Clarkson,https://www.basketball-reference.com/players/c/clarkjo01.html
Jordan Hawkins,https://www.basketball-reference.com/players/h/hawkijo01.html
Jordan McLaughlin,https://www.basketball-reference.com/players/m/mclaujo01.html
Jordan Miller,https://www.basketball-reference.com/players/m/millejo02.html
Jordan Poole,https://www.basketball-reference.com/players/p/poolejo01.html
Jordan Walsh,https://www.basketball-reference.com/players/w/walshjo01.html
Jose Alvarado,https://www.basketball-reference.com/players/a/alvarjo01.html
Josh Christopher,https://www.basketball-reference.com/players/c/chrisjo01.html
Josh Giddey,https://www.basketball-reference.com/players/g/giddejo01.html
Josh Green,https://www.basketball-reference.com/players/g/greenjo02.html
Josh Hart,https://www.basketball-reference.com/players/h/hartjo01.html
Josh Minott,https://www.basketball-reference.com/players/m/minotjo01.html
Josh Okogie,https://www.basketball-reference.com/players/o/okogijo01.html
Josh Richardson,https://www.basketball-reference.com/players/r/richajo01.html
Jrue Holiday,https://www.basketball-reference.com/players/h/holidjr01.html
Julian Champagnie,https://www.basketball-reference.com/players/c/champju02.html
Julian Phillips,https://www.basketball-reference.com/players/p/phillju01.html
Julian Strawther,https://www.basketball-reference.com/players/s/strawju01.html
Julius Randle,https://www.basketball-reference.com/players/r/randlju01.html
Justin Champagnie,https://www.basketball-reference.com/players/c/champju01.html
Justin Edwards,https://www.basketball-reference.com/players/e/edwarju01.html
Justin Minaya,https://www.basketball-reference.com/players/m/minayju01.html
Jusuf Nurkić,https://www.basketball-reference.com/players/n/nurkiju01.html
KJ Martin,https://www.basketball-reference.com/players/m/martike04.html
KJ Simpson,https://www.basketball-reference.com/players/s/simpskj01.html
Kai Jones,https://www.basketball-reference.com/players/j/joneska01.html
Karl-Anthony Towns,https://www.basketball-reference.com/players/t/townska01.html
Karlo Matković,https://www.basketball-reference.com/players/m/matkoka01.html
Kawhi Leonard,https://www.basketball-reference.com/players/l/leonaka01.html
Keaton Wallace,https://www.basketball-reference.com/players/w/wallake01.html
Keegan Murray,https://www.basketball-reference.com/players/m/murrake02.html
Kel'el Ware,https://www.basketball-reference.com/players/w/wareke01.html
Keldon Johnson,https://www.basketball-reference.com/players/j/johnske04.html
Kelly Olynyk,https://www.basketball-reference.com/players/o/olynyke01.html
Kelly Oubre Jr.,https://www.basketball-reference.com/players/o/oubreke01.html
Kenrich Williams,https://www.basketball-reference.com/players/w/willike04.html
Kentavious Caldwell-Pope,https://www.basketball-reference.com/players/c/caldwke01.html
Keon Ellis,https://www.basketball-reference.com/players/e/elliske01.html
Keon Johnson,https://www.basketball-reference.com/players/j/johnske07.html
Keshad Johnson,https://www.basketball-reference.com/players/j/johnske10.html
Kessler Edwards,https://www.basketball-reference.com/players/e/edwarke02.html
Kevin Durant,https://www.basketball-reference.com/players/d/duranke01.html
Kevin Huerter,https://www.basketball-reference.com/players/h/huertke01.html
Kevin Love,https://www.basketball-reference.com/players/l/loveke01.html
Kevin Porter Jr.,https://www.basketball-reference.com/players/p/porteke02.html
Kevon Looney,https://www.basketball-reference.com/players/l/looneke01.html
Keyonte George,https://www.basketball-reference.com/players/g/georgke01.html
Khris Middleton,https://www.basketball-reference.com/players/m/middlkh01.html
Klay Thompson,https://www.basketball-reference.com/players/t/thompkl01.html
Kobe Brown,https://www.basketball-reference.com/players/b/brownko01.html
Kobe Bufkin,https://www.basketball-reference.com/players/b/bufkiko01.html
Kris Dunn,https://www.basketball-reference.com/players/d/dunnkr01.html
Kris Murray,https://www.basketball-reference.com/players/m/murrakr01.html
Kristaps Porziņģis,https://www.basketball-reference.com/players/p/porzikr01.html
Kyle Anderson,https://www.basketball-reference.com/players/a/anderky01.html
Kyle Filipowski,https://www.basketball-reference.com/players/f/filipky01.html
Kyle Kuzma,https://www.basketball-reference.com/players/k/kuzmaky01.html
Kyle Lowry,https://www.basketball-reference.com/players/l/lowryky01.html
Kyrie Irving,https://www.basketball-reference.com/players/i/irvinky01.html
Kyshawn George,https://www.basketball-reference.com/players/g/georgky01.html
LaMelo Ball,https://www.basketball-reference.com/players/b/ballla01.html
Landry Shamet,https://www.basketball-reference.com/players/s/shamela01.html
Larry Nance Jr.,https://www.basketball-reference.com/players/n/nancela02.html
Lauri Markkanen,https://www.basketball-reference.com/players/m/markkla01.html
LeBron James,https://www.basketball-reference.com/players/j/jamesle01.html
Leonard Miller,https://www.basketball-reference.com/players/m/millele01.html
Lester Quiñones,https://www.basketball-reference.com/players/q/quinole01.html
Liam Robbins,https://www.basketball-reference.com/players/r/robbili01.html
Lindy Waters III,https://www.basketball-reference.com/players/w/waterli01.html
Lonzo Ball,https://www.basketball-reference.com/players/b/balllo01.html
Luguentz Dort,https://www.basketball-reference.com/players/d/dortlu01.html
Luka Dončić,https://www.basketball-reference.com/players/d/doncilu01.html
Luka Garza,https://www.basketball-reference.com/players/g/garzalu01.html
Luke Kennard,https://www.basketball-reference.com/players/k/kennalu01.html
Luke Kornet,https://www.basketball-reference.com/players/k/kornelu01.html
Luke Travers,https://www.basketball-reference.com/players/t/travelu01.html
Mac McClung,https://www.basketball-reference.com/players/m/mccluma01.html
Malaki Branham,https://www.basketball-reference.com/players/b/branhma01.html
Malcolm Brogdon,https://www.basketball-reference.com/players/b/brogdma01.html
Malevy Leons,https://www.basketball-reference.com/players/l/leonsma01.html
Malik Beasley,https://www.basketball-reference.com/players/b/beaslma01.html
Malik Monk,https://www.basketball-reference.com/players/m/monkma01.html
MarJon Beauchamp,https://www.basketball-reference.com/players/b/beaucma01.html
Marcus Sasser,https://www.basketball-reference.com/players/s/sassema01.html
Marcus Smart,https://www.basketball-reference.com/players/s/smartma01.html
Mark Williams,https://www.basketball-reference.com/players/w/willima07.html
Markieff Morris,https://www.basketball-reference.com/players/m/morrima02.html
Marvin Bagley III,https://www.basketball-reference.com/players/b/baglema01.html
Mason Jones,https://www.basketball-reference.com/players/j/jonesma05.html
Mason Plumlee,https://www.basketball-reference.com/players/p/plumlma01.html
Matas Buzelis,https://www.basketball-reference.com/players/b/buzelma01.html
Matt Ryan,https://www.basketball-reference.com/players/r/ryanma01.html
Max Christie,https://www.basketball-reference.com/players/c/chrisma02.html
Max Strus,https://www.basketball-reference.com/players/s/strusma01.html
Maxi Kleber,https://www.basketball-reference.com/players/k/klebima01.html
Maxwell Lewis,https://www.basketball-reference.com/players/l/lewisma05.html
Micah Potter,https://www.basketball-reference.com/players/p/pottemi01.html
Michael Porter Jr.,https://www.basketball-reference.com/players/p/portemi01.html
Mikal Bridges,https://www.basketball-reference.com/players/b/bridgmi01.html
Mike Conley,https://www.basketball-reference.com/players/c/conlemi01.html
Miles Bridges,https://www.basketball-reference.com/players/b/bridgmi02.html
Miles McBride,https://www.basketball-reference.com/players/m/mcbrimi01.html
Mo Bamba,https://www.basketball-reference.com/players/b/bambamo01.html
Monte Morris,https://www.basketball-reference.com/players/m/morrimo01.html
Moritz Wagner,https://www.basketball-reference.com/players/w/wagnemo01.html
Moses Brown,https://www.basketball-reference.com/players/b/brownmo01.html
Moses Moody,https://www.basketball-reference.com/players/m/moodymo01.html
Mouhamed Gueye,https://www.basketball-reference.com/players/g/gueyemo02.html
Moussa Diabaté,https://www.basketball-reference.com/players/d/diabamo01.html
Myles Turner,https://www.basketball-reference.com/players/t/turnemy01.html
Naji Marshall,https://www.basketball-reference.com/players/m/marshna01.html
Naz Reid,https://www.basketball-reference.com/players/r/reidna01.html
Neemias Queta,https://www.basketball-reference.com/players/q/quetane01.html
Nic Claxton,https://www.basketball-reference.com/players/c/claxtni01.html
Nick Richards,https://www.basketball-reference.com/players/r/richani01.html
Nick Smith Jr.,https://www.basketball-reference.com/players/s/smithni01.html
Nickeil Alexander-Walker,https://www.basketball-reference.com/players/a/alexani01.html
Nicolas Batum,https://www.basketball-reference.com/players/b/batumni01.html
Nikola Jokić,https://www.basketball-reference.com/players/j/jokicni01.html
Nikola Jović,https://www.basketball-reference.com/players/j/jovicni01.html
Nikola Vučević,https://www.basketball-reference.com/players/v/vucevni01.html
Noah Clowney,https://www.basketball-reference.com/players/c/clownno01.html
Norman Powell,https://www.basketball-reference.com/players/p/powelno01.html
OG Anunoby,https://www.basketball-reference.com/players/a/anunoog01.html
Obi Toppin,https://www.basketball-reference.com/players/t/toppiob01.html
Ochai Agbaji,https://www.basketball-reference.com/players/a/agbajoc01.html
Olivier-Maxence Prosper,https://www.basketball-reference.com/players/p/prospol01.html
Onyeka Okongwu,https://www.basketball-reference.com/players/o/okongon01.html
Orlando Robinson,https://www.basketball-reference.com/players/r/robinor01.html
Oscar Tshiebwe,https://www.basketball-reference.com/players/t/tshieos01.html
Oso Ighodaro,https://www.basketball-reference.com/players/i/ighodos01.html
Ousmane Dieng,https://www.basketball-reference.com/players/d/diengou01.html
P.J. Washington,https://www.basketball-reference.com/players/w/washipj01.html
PJ Dozier,https://www.basketball-reference.com/players/d/doziepj01.html
PJ Hall,https://www.basketball-reference.com/players/h/hallpj01.html
Pacome Dadiet,https://www.basketball-reference.com/players/d/dadiepa01.html
Paolo Banchero,https://www.basketball-reference.com/players/b/banchpa01.html
Pascal Siakam,https://www.basketball-reference.com/players/s/siakapa01.html
Pat Connaughton,https://www.basketball-reference.com/players/c/connapa01.html
Pat Spencer,https://www.basketball-reference.com/players/s/spencpa01.html
Patrick Baldwin Jr.,https://www.basketball-reference.com/players/b/baldwpa01.html
Patrick Williams,https://www.basketball-reference.com/players/w/willipa01.html
Patty Mills,https://www.basketball-reference.com/players/m/millspa02.html
Paul George,https://www.basketball-reference.com/players/g/georgpa01.html
Paul Reed,https://www.basketball-reference.com/players/r/reedpa01.html
Payton Pritchard,https://www.basketball-reference.com/players/p/pritcpa01.html
Pelle Larsson,https://www.basketball-reference.com/players/l/larsspe01.html
Pete Nance,https://www.basketball-reference.com/players/n/nancepe01.html
Peyton Watson,https://www.basketball-reference.com/players/w/watsope01.html
Precious Achiuwa,https://www.basketball-reference.com/players/a/achiupr01.html
Quentin Grimes,https://www.basketball-reference.com/players/g/grimequ01.html
Quenton Jackson,https://www.basketball-reference.com/players/j/jacksqu01.html
Quincy Olivari,https://www.basketball-reference.com/players/o/olivaqu01.html
Quinten Post,https://www.basketball-reference.com/players/p/postqu01.html
RJ Barrett,https://www.basketball-reference.com/players/b/barrerj01.html
Rayan Rupert,https://www.basketball-reference.com/players/r/ruperra01.html
Reece Beekman,https://www.basketball-reference.com/players/b/beekmre01.html
Reed Sheppard,https://www.basketball-reference.com/players/s/sheppre01.html
Reggie Jackson,https://www.basketball-reference.com/players/j/jacksre01.html
Richaun Holmes,https://www.basketball-reference.com/players/h/holmeri01.html
Ricky Council IV,https://www.basketball-reference.com/players/c/councri01.html
Riley Minix,https://www.basketball-reference.com/players/m/minixri01.html
Rob Dillingham,https://www.basketball-reference.com/players/d/dilliro01.html
Robert Williams,https://www.basketball-reference.com/players/w/williro04.html
Ron Holland,https://www.basketball-reference.com/players/h/hollaro01.html
Royce O'Neale,https://www.basketball-reference.com/players/o/onealro01.html
Rudy Gobert,https://www.basketball-reference.com/players/g/goberru01.html
Rui Hachimura,https://www.basketball-reference.com/players/h/hachiru01.html
Russell Westbrook,https://www.basketball-reference.com/players/w/westbru01.html
Ryan Dunn,https://www.basketball-reference.com/players/d/dunnry01.html
Ryan Rollins,https://www.basketball-reference.com/players/r/rolliry01.html
Sam Hauser,https://www.basketball-reference.com/players/h/hausesa01.html
Sam Merrill,https://www.basketball-reference.com/players/m/merrisa01.html
Sandro Mamukelashvili,https://www.basketball-reference.com/players/m/mamuksa01.html
Santi Aldama,https://www.basketball-reference.com/players/a/aldamsa01.html
Scoot Henderson,https://www.basketball-reference.com/players/h/hendesc01.html
Scottie Barnes,https://www.basketball-reference.com/players/b/barnesc01.html
Scotty Pippen Jr.,https://www.basketball-reference.com/players/p/pippesc02.html
Seth Curry,https://www.basketball-reference.com/players/c/curryse01.html
Shaedon Sharpe,https://www.basketball-reference.com/players/s/sharpsh01.html
Shai Gilgeous-Alexander,https://www.basketball-reference.com/players/g/gilgesh01.html
Shake Milton,https://www.basketball-reference.com/players/m/miltosh01.html
Sidy Cissoko,https://www.basketball-reference.com/players/c/cissosi01.html
Simone Fontecchio,https://www.basketball-reference.com/players/f/fontesi01.html
Spencer Dinwiddie,https://www.basketball-reference.com/players/d/dinwisp01.html
Spencer Jones,https://www.basketball-reference.com/players/j/jonessp01.html
Stanley Umude,https://www.basketball-reference.com/players/u/umudest01.html
Stephen Curry,https://www.basketball-reference.com/players/c/curryst01.html
Stephon Castle,https://www.basketball-reference.com/players/c/castlst01.html
Steven Adams,https://www.basketball-reference.com/players/a/adamsst01.html
Svi Mykhailiuk,https://www.basketball-reference.com/players/m/mykhasv01.html
T.J. McConnell,https://www.basketball-reference.com/players/m/mccontj01.html
Taj Gibson,https://www.basketball-reference.com/players/g/gibsota01.html
Talen Horton-Tucker,https://www.basketball-reference.com/players/h/hortota01.html
Tari Eason,https://www.basketball-reference.com/players/e/easonta01.html
Taurean Prince,https://www.basketball-reference.com/players/p/princta02.html
Taylor Hendricks,https://www.basketball-reference.com/players/h/hendrita01.html
Taze Moore,https://www.basketball-reference.com/players/m/mooreta02.html
Terance Mann,https://www.basketball-reference.com/players/m/mannte01.html
Terrence Shannon Jr.,https://www.basketball-reference.com/players/s/shannte01.html
Terry Rozier,https://www.basketball-reference.com/players/r/roziete01.html
Thomas Bryant,https://www.basketball-reference.com/players/b/bryanth01.html
Tidjane Salaün,https://www.basketball-reference.com/players/s/salauti01.html
Tim Hardaway Jr.,https://www.basketball-reference.com/players/h/hardati02.html
Tobias Harris,https://www.basketball-reference.com/players/h/harrito02.html
Torrey Craig,https://www.basketball-reference.com/players/c/craigto01.html
Tosan Evbuomwan,https://www.basketball-reference.com/players/e/evbuoto01.html
Toumani Camara,https://www.basketball-reference.com/players/c/camarto01.html
Trae Young,https://www.basketball-reference.com/players/y/youngtr01.html
Trayce Jackson-Davis,https://www.basketball-reference.com/players/j/jackstr02.html
Tre Jones,https://www.basketball-reference.com/players/j/jonestr01.html
Tre Mann,https://www.basketball-reference.com/players/m/manntr01.html
Trendon Watford,https://www.basketball-reference.com/players/w/watfotr01.html
Trentyn Flowers,https://www.basketball-reference.com/players/f/flowetr01.html
Trevelin Queen,https://www.basketball-reference.com/players/q/queentr01.html
Trey Alexander,https://www.basketball-reference.com/players/a/alexatr01.html
Trey Jemison,https://www.basketball-reference.com/players/j/jemistr01.html
Trey Lyles,https://www.basketball-reference.com/players/l/lylestr01.html
Trey Murphy III,https://www.basketball-reference.com/players/m/murphtr02.html
Tristan Da Silva,https://www.basketball-reference.com/players/d/dasiltr01.html
Tristan Thompson,https://www.basketball-reference.com/players/t/thomptr01.html
Tristan Vukcevic,https://www.basketball-reference.com/players/v/vukcetr01.html
Tristen Newton,https://www.basketball-reference.com/players/n/newtotr01.html
Ty Jerome,https://www.basketball-reference.com/players/j/jeromty01.html
TyTy Washington Jr.,https://www.basketball-reference.com/players/w/washity02.html
Tyler Herro,https://www.basketball-reference.com/players/h/herroty01.html
Tyler Kolek,https://www.basketball-reference.com/players/k/kolekty01.html
Tyler Smith,https://www.basketball-reference.com/players/s/smithty02.html
Tyrese Haliburton,https://www.basketball-reference.com/players/h/halibty01.html
Tyrese Martin,https://www.basketball-reference.com/players/m/martity01.html
Tyrese Maxey,https://www.basketball-reference.com/players/m/maxeyty01.html
Tyus Jones,https://www.basketball-reference.com/players/j/jonesty01.html
Ulrich Chomche,https://www.basketball-reference.com/players/c/chomcul01.html
Vasilije Micić,https://www.basketball-reference.com/players/m/micicva01.html
Victor Wembanyama,https://www.basketball-reference.com/players/w/wembavi01.html
Vince Williams Jr.,https://www.basketball-reference.com/players/w/willivi01.html
Vit Krejci,https://www.basketball-reference.com/players/k/krejcvi01.html
Vlatko Čančar,https://www.basketball-reference.com/players/c/cancavl01.html
Walker Kessler,https://www.basketball-reference.com/players/k/kesslwa01.html
Wendell Carter Jr.,https://www.basketball-reference.com/players/c/cartewe01.html
Wendell Moore Jr.,https://www.basketball-reference.com/players/m/moorewe01.html
Xavier Tillman Sr.,https://www.basketball-reference.com/players/t/tillmxa01.html
Yuki Kawamura,https://www.basketball-reference.com/players/k/kawamyu01.html
Yves Missi,https://www.basketball-reference.com/players/m/missiyv01.html
Zaccharie Risacher,https://www.basketball-reference.com/players/r/risacza01.html
Zach Collins,https://www.basketball-reference.com/players/c/colliza01.html
Zach Edey,https://www.basketball-reference.com/players/e/edeyza01.html
Zach LaVine,https://www.basketball-reference.com/players/l/lavinza01.html
Zeke Nnaji,https://www.basketball-reference.com/players/n/nnajize01.html
Ziaire Williams,https://www.basketball-reference.com/players/w/willizi02.html
Zion Williamson,https://www.basketball-reference.com/players/w/willizi01.html
,
